{
  "regions": [
    {
      "name": "北海道・東北",
      "prefectures": [
        {
          "name": "北海道",
          "cities": [
            { "name": "札幌", "areas": ["札幌駅", "大通", "すすきの", "円山", "中島公園", "新札幌"] },
            { "name": "小樽", "areas": ["小樽駅", "小樽運河", "堺町通り"] },
            { "name": "函館", "areas": ["函館駅", "五稜郭", "元町", "湯の川温泉"] },
            { "name": "旭川", "areas": ["旭川駅", "旭山動物園"] },
            { "name": "帯広", "areas": ["帯広駅"] }
          ]
        },
        {
          "name": "青森県",
          "cities": [
            { "name": "青森", "areas": ["青森駅", "青森ベイエリア"] },
            { "name": "弘前", "areas": ["弘前駅", "弘前公園"] },
            { "name": "八戸", "areas": ["八戸駅", "本八戸"] }
          ]
        },
        {
          "name": "岩手県",
          "cities": [
            { "name": "盛岡", "areas": ["盛岡駅", "大通"] },
            { "name": "花巻", "areas": ["花巻駅"] },
            { "name": "一関", "areas": ["一関駅"] }
          ]
        },
        {
          "name": "宮城県",
          "cities": [
            { "name": "仙台", "areas": ["仙台駅", "国分町", "一番町", "勾当台公園", "長町", "泉中央"] },
            { "name": "石巻", "areas": ["石巻駅"] },
            { "name": "塩釜", "areas": ["本塩釜"] }
          ]
        },
        {
          "name": "秋田県",
          "cities": [
            { "name": "秋田", "areas": ["秋田駅", "川反"] },
            { "name": "大館", "areas": ["大館駅"] },
            { "name": "横手", "areas": ["横手駅"] }
          ]
        },
        {
          "name": "山形県",
          "cities": [
            { "name": "山形", "areas": ["山形駅", "七日町"] },
            { "name": "米沢", "areas": ["米沢駅"] },
            { "name": "鶴岡", "areas": ["鶴岡駅"] }
          ]
        },
        {
          "name": "福島県",
          "cities": [
            { "name": "福島", "areas": ["福島駅"] },
            { "name": "郡山", "areas": ["郡山駅"] },
            { "name": "いわき", "areas": ["いわき駅", "平"] }
          ]
        }
      ]
    },
    {
      "name": "関東",
      "prefectures": [
        {
          "name": "東京都",
          "cities": [
            {
              "name": "23区",
              "areas": [
                "渋谷", "新宿", "池袋", "原宿", "表参道", "青山", "六本木", "恵比寿", "代官山", "中目黒",
                "銀座", "丸の内", "有楽町", "日本橋", "東京駅", "秋葉原", "上野", "浅草", "押上", "錦糸町",
                "品川", "五反田", "目黒", "自由が丘", "二子玉川", "三軒茶屋", "下北沢", "明治神宮前",
                "赤坂", "麻布", "広尾", "白金", "田町", "新橋", "汐留", "築地", "月島", "豊洲",
                "お台場", "赤羽", "巣鴨", "駒込", "日暮里", "北千住", "亀有", "金町",
                "中野", "高円寺", "阿佐ヶ谷", "荻窪", "吉祥寺", "西荻窪", "高田馬場", "早稲田", "神楽坂"
              ]
            },
            { "name": "多摩地域", "areas": ["立川", "八王子", "町田", "調布", "府中", "三鷹", "武蔵野", "国分寺", "国立"] }
          ]
        },
        {
          "name": "神奈川県",
          "cities": [
            { "name": "横浜", "areas": ["横浜駅", "みなとみらい", "桜木町", "関内", "中華街", "元町", "山下公園", "たまプラーザ", "あざみ野", "センター北"] },
            { "name": "川崎", "areas": ["川崎駅", "武蔵小杉", "溝の口", "新百合ヶ丘"] },
            { "name": "鎌倉", "areas": ["鎌倉駅", "鎌倉小町", "北鎌倉", "江ノ島", "片瀬江ノ島"] },
            { "name": "湘南", "areas": ["藤沢", "辻堂", "茅ヶ崎", "平塚"] },
            { "name": "相模原", "areas": ["相模大野", "橋本"] }
          ]
        },
        {
          "name": "埼玉県",
          "cities": [
            { "name": "さいたま", "areas": ["大宮", "浦和", "さいたま新都心"] },
            { "name": "川越", "areas": ["川越駅", "本川越", "川越蔵の街"] },
            { "name": "所沢", "areas": ["所沢駅"] },
            { "name": "越谷", "areas": ["越谷レイクタウン"] }
          ]
        },
        {
          "name": "千葉県",
          "cities": [
            { "name": "千葉", "areas": ["千葉駅", "海浜幕張"] },
            { "name": "船橋", "areas": ["船橋駅", "西船橋", "津田沼"] },
            { "name": "柏", "areas": ["柏駅"] },
            { "name": "浦安", "areas": ["舞浜", "新浦安"] }
          ]
        },
        {
          "name": "茨城県",
          "cities": [
            { "name": "水戸", "areas": ["水戸駅"] },
            { "name": "つくば", "areas": ["つくば駅"] },
            { "name": "土浦", "areas": ["土浦駅"] }
          ]
        },
        {
          "name": "栃木県",
          "cities": [
            { "name": "宇都宮", "areas": ["宇都宮駅"] },
            { "name": "小山", "areas": ["小山駅"] },
            { "name": "日光", "areas": ["日光駅"] }
          ]
        },
        {
          "name": "群馬県",
          "cities": [
            { "name": "高崎", "areas": ["高崎駅"] },
            { "name": "前橋", "areas": ["前橋駅"] },
            { "name": "太田", "areas": ["太田駅"] }
          ]
        }
      ]
    },
    {
      "name": "中部",
      "prefectures": [
        {
          "name": "愛知県",
          "cities": [
            { "name": "名古屋", "areas": ["名古屋駅", "栄", "金山", "大須", "伏見", "矢場町", "久屋大通", "千種", "今池", "藤が丘"] },
            { "name": "豊田", "areas": ["豊田市駅"] },
            { "name": "岡崎", "areas": ["岡崎駅"] },
            { "name": "一宮", "areas": ["一宮駅"] }
          ]
        },
        {
          "name": "静岡県",
          "cities": [
            { "name": "静岡", "areas": ["静岡駅", "清水"] },
            { "name": "浜松", "areas": ["浜松駅"] },
            { "name": "沼津", "areas": ["沼津駅"] },
            { "name": "熱海", "areas": ["熱海駅"] }
          ]
        },
        {
          "name": "岐阜県",
          "cities": [
            { "name": "岐阜", "areas": ["岐阜駅"] },
            { "name": "大垣", "areas": ["大垣駅"] },
            { "name": "高山", "areas": ["高山駅"] }
          ]
        },
        {
          "name": "三重県",
          "cities": [
            { "name": "津", "areas": ["津駅"] },
            { "name": "四日市", "areas": ["四日市駅"] },
            { "name": "伊勢", "areas": ["伊勢市駅", "宇治山田"] }
          ]
        },
        {
          "name": "新潟県",
          "cities": [
            { "name": "新潟", "areas": ["新潟駅", "万代"] },
            { "name": "長岡", "areas": ["長岡駅"] },
            { "name": "上越", "areas": ["高田"] }
          ]
        },
        {
          "name": "富山県",
          "cities": [
            { "name": "富山", "areas": ["富山駅"] },
            { "name": "高岡", "areas": ["高岡駅"] },
            { "name": "魚津", "areas": ["魚津駅"] }
          ]
        },
        {
          "name": "石川県",
          "cities": [
            { "name": "金沢", "areas": ["金沢駅", "香林坊", "片町", "近江町市場"] },
            { "name": "小松", "areas": ["小松駅"] },
            { "name": "加賀", "areas": ["加賀温泉駅"] }
          ]
        },
        {
          "name": "福井県",
          "cities": [
            { "name": "福井", "areas": ["福井駅"] },
            { "name": "敦賀", "areas": ["敦賀駅"] },
            { "name": "鯖江", "areas": ["鯖江駅"] }
          ]
        },
        {
          "name": "山梨県",
          "cities": [
            { "name": "甲府", "areas": ["甲府駅"] },
            { "name": "富士吉田", "areas": ["富士山駅"] },
            { "name": "韮崎", "areas": ["韮崎駅"] }
          ]
        },
        {
          "name": "長野県",
          "cities": [
            { "name": "長野", "areas": ["長野駅", "善光寺"] },
            { "name": "松本", "areas": ["松本駅"] },
            { "name": "軽井沢", "areas": ["軽井沢駅"] },
            { "name": "上田", "areas": ["上田駅"] }
          ]
        }
      ]
    },
    {
      "name": "近畿",
      "prefectures": [
        {
          "name": "大阪府",
          "cities": [
            { "name": "大阪", "areas": ["梅田", "大阪駅", "なんば", "心斎橋", "難波", "天王寺", "阿倍野", "京橋", "本町", "淀屋橋", "北新地", "福島", "西梅田", "南森町"] },
            { "name": "堺", "areas": ["堺駅"] },
            { "name": "枚方", "areas": ["枚方市駅"] },
            { "name": "吹田", "areas": ["江坂"] }
          ]
        },
        {
          "name": "京都府",
          "cities": [
            { "name": "京都", "areas": ["京都駅", "河原町", "四条", "烏丸", "祇園", "清水寺", "嵐山", "北山", "出町柳"] },
            { "name": "宇治", "areas": ["宇治駅"] },
            { "name": "舞鶴", "areas": ["舞鶴駅"] }
          ]
        },
        {
          "name": "兵庫県",
          "cities": [
            { "name": "神戸", "areas": ["三宮", "元町", "神戸駅", "ハーバーランド", "北野", "六甲"] },
            { "name": "姫路", "areas": ["姫路駅"] },
            { "name": "西宮", "areas": ["西宮北口", "夙川"] },
            { "name": "尼崎", "areas": ["尼崎駅"] }
          ]
        },
        {
          "name": "奈良県",
          "cities": [
            { "name": "奈良", "areas": ["奈良駅", "近鉄奈良"] },
            { "name": "橿原", "areas": ["橿原神宮前"] },
            { "name": "生駒", "areas": ["生駒駅"] }
          ]
        },
        {
          "name": "滋賀県",
          "cities": [
            { "name": "大津", "areas": ["大津駅"] },
            { "name": "草津", "areas": ["草津駅"] },
            { "name": "彦根", "areas": ["彦根駅"] }
          ]
        },
        {
          "name": "和歌山県",
          "cities": [
            { "name": "和歌山", "areas": ["和歌山駅"] },
            { "name": "田辺", "areas": ["紀伊田辺"] },
            { "name": "白浜", "areas": ["白浜駅"] }
          ]
        }
      ]
    },
    {
      "name": "中国・四国",
      "prefectures": [
        {
          "name": "広島県",
          "cities": [
            { "name": "広島", "areas": ["広島駅", "本通り", "紙屋町", "八丁堀"] },
            { "name": "福山", "areas": ["福山駅"] },
            { "name": "呉", "areas": ["呉駅"] }
          ]
        },
        {
          "name": "岡山県",
          "cities": [
            { "name": "岡山", "areas": ["岡山駅"] },
            { "name": "倉敷", "areas": ["倉敷駅", "倉敷美観地区"] },
            { "name": "津山", "areas": ["津山駅"] }
          ]
        },
        {
          "name": "山口県",
          "cities": [
            { "name": "山口", "areas": ["山口駅"] },
            { "name": "下関", "areas": ["下関駅"] },
            { "name": "宇部", "areas": ["宇部駅"] }
          ]
        },
        {
          "name": "鳥取県",
          "cities": [
            { "name": "鳥取", "areas": ["鳥取駅"] },
            { "name": "米子", "areas": ["米子駅"] },
            { "name": "倉吉", "areas": ["倉吉駅"] }
          ]
        },
        {
          "name": "島根県",
          "cities": [
            { "name": "松江", "areas": ["松江駅"] },
            { "name": "出雲", "areas": ["出雲市駅"] },
            { "name": "浜田", "areas": ["浜田駅"] }
          ]
        },
        {
          "name": "香川県",
          "cities": [
            { "name": "高松", "areas": ["高松駅"] },
            { "name": "丸亀", "areas": ["丸亀駅"] },
            { "name": "坂出", "areas": ["坂出駅"] }
          ]
        },
        {
          "name": "徳島県",
          "cities": [
            { "name": "徳島", "areas": ["徳島駅"] },
            { "name": "鳴門", "areas": ["鳴門駅"] },
            { "name": "阿南", "areas": ["阿南駅"] }
          ]
        },
        {
          "name": "愛媛県",
          "cities": [
            { "name": "松山", "areas": ["松山駅", "大街道"] },
            { "name": "今治", "areas": ["今治駅"] },
            { "name": "新居浜", "areas": ["新居浜駅"] }
          ]
        },
        {
          "name": "高知県",
          "cities": [
            { "name": "高知", "areas": ["高知駅", "はりまや橋"] },
            { "name": "南国", "areas": ["後免駅"] },
            { "name": "四万十", "areas": ["中村駅"] }
          ]
        }
      ]
    },
    {
      "name": "九州・沖縄",
      "prefectures": [
        {
          "name": "福岡県",
          "cities": [
            { "name": "福岡", "areas": ["博多駅", "天神", "中洲", "大橋", "西新", "薬院"] },
            { "name": "北九州", "areas": ["小倉駅"] },
            { "name": "久留米", "areas": ["久留米駅"] },
            { "name": "大牟田", "areas": ["大牟田駅"] }
          ]
        },
        {
          "name": "佐賀県",
          "cities": [
            { "name": "佐賀", "areas": ["佐賀駅"] },
            { "name": "唐津", "areas": ["唐津駅"] },
            { "name": "鳥栖", "areas": ["鳥栖駅"] }
          ]
        },
        {
          "name": "長崎県",
          "cities": [
            { "name": "長崎", "areas": ["長崎駅", "浜町"] },
            { "name": "佐世保", "areas": ["佐世保駅"] },
            { "name": "諫早", "areas": ["諫早駅"] }
          ]
        },
        {
          "name": "熊本県",
          "cities": [
            { "name": "熊本", "areas": ["熊本駅", "通町筋", "下通"] },
            { "name": "八代", "areas": ["八代駅"] },
            { "name": "天草", "areas": ["本渡"] }
          ]
        },
        {
          "name": "大分県",
          "cities": [
            { "name": "大分", "areas": ["大分駅"] },
            { "name": "別府", "areas": ["別府駅"] },
            { "name": "中津", "areas": ["中津駅"] }
          ]
        },
        {
          "name": "宮崎県",
          "cities": [
            { "name": "宮崎", "areas": ["宮崎駅"] },
            { "name": "都城", "areas": ["都城駅"] },
            { "name": "延岡", "areas": ["延岡駅"] }
          ]
        },
        {
          "name": "鹿児島県",
          "cities": [
            { "name": "鹿児島", "areas": ["鹿児島中央駅", "天文館"] },
            { "name": "霧島", "areas": ["霧島神宮駅"] },
            { "name": "鹿屋", "areas": ["鹿屋"] }
          ]
        },
        {
          "name": "沖縄県",
          "cities": [
            { "name": "那覇", "areas": ["那覇", "国際通り", "おもろまち"] },
            { "name": "沖縄", "areas": ["沖縄市"] },
            { "name": "名護", "areas": ["名護"] }
          ]
        }
      ]
    }
  ],
  "popular": [
    "渋谷", "新宿", "池袋", "梅田", "なんば", "天神", "札幌駅", "仙台駅", "名古屋駅", "横浜駅",
    "原宿", "銀座", "六本木", "心斎橋", "京都駅", "河原町", "三宮", "博多駅", "大通", "中洲"
  ]
}
